{"NOUVELLE AQUITAINE":{"departements":{"PYRENEES ATLANTIQUES":{"score_global":89,"indice_acces_info":86,"indice_acces_interf_num":93,"indice_competences_admin":83,"indice_competences_num":94,"nb_villes":656},"DORDOGNE":{"score_global":93,"indice_acces_info":83,"indice_acces_interf_num":87,"indice_competences_admin":71,"indice_competences_num":117,"nb_villes":555},"GIRONDE":{"score_global":94,"indice_acces_info":92,"indice_acces_interf_num":100,"indice_competences_admin":104,"indice_competences_num":88,"nb_villes":837},"CHARENTE":{"score_global":94,"indice_acces_info":84,"indice_acces_interf_num":91,"indice_competences_admin":79,"indice_competences_num":112,"nb_villes":421},"DEUX SEVRES":{"score_global":89,"indice_acces_info":75,"indice_acces_interf_num":93,"indice_competences_admin":84,"indice_competences_num":105,"nb_villes":347},"VIENNE":{"score_global":96,"indice_acces_info":87,"indice_acces_interf_num":95,"indice_competences_admin":100,"indice_competences_num":103,"nb_villes":354},"CORREZE":{"score_global":93,"indice_acces_info":88,"indice_acces_interf_num":85,"indice_competences_admin":73,"indice_competences_num":114,"nb_villes":319},"LOT ET GARONNE":{"score_global":94,"indice_acces_info":85,"indice_acces_interf_num":91,"indice_competences_admin":79,"indice_competences_num":113,"nb_villes":359},"CHARENTE MARITIME":{"score_global":95,"indice_acces_info":87,"indice_acces_interf_num":93,"indice_competences_admin":82,"indice_competences_num":109,"nb_villes":545},"CREUSE":{"score_global":97,"indice_acces_info":93,"indice_acces_interf_num":80,"indice_competences_admin":68,"indice_competences_num":124,"nb_villes":264},"LANDES":{"score_global":88,"indice_acces_info":79,"indice_acces_interf_num":95,"indice_competences_admin":78,"indice_competences_num":99,"nb_villes":368},"HAUTE VIENNE":{"score_global":99,"indice_acces_info":97,"indice_acces_interf_num":94,"indice_competences_admin":87,"indice_competences_num":110,"nb_villes":277}},"score_global":93,"indice_acces_info":86,"indice_acces_interf_num":91,"indice_competences_admin":82,"indice_competences_num":107,"nb_depts":12},"GRAND EST":{"departements":{"MEUSE":{"score_global":86,"indice_acces_info":79,"indice_acces_interf_num":66,"indice_competences_admin":77,"indice_competences_num":107,"nb_villes":513},"MEURTHE ET MOSELLE":{"score_global":90,"indice_acces_info":85,"indice_acces_interf_num":90,"indice_competences_admin":94,"indice_competences_num":92,"nb_villes":729},"MARNE":{"score_global":88,"indice_acces_info":75,"indice_acces_interf_num":92,"indice_competences_admin":84,"indice_competences_num":102,"nb_villes":748},"MOSELLE":{"score_global":90,"indice_acces_info":82,"indice_acces_interf_num":97,"indice_competences_admin":87,"indice_competences_num":95,"nb_villes":927},"BAS RHIN":{"score_global":90,"indice_acces_info":82,"indice_acces_interf_num":105,"indice_competences_admin":96,"indice_competences_num":88,"nb_villes":730},"ARDENNES":{"score_global":88,"indice_acces_info":77,"indice_acces_interf_num":73,"indice_competences_admin":81,"indice_competences_num":110,"nb_villes":495},"HAUTE MARNE":{"score_global":90,"indice_acces_info":77,"indice_acces_interf_num":61,"indice_competences_admin":74,"indice_competences_num":125,"nb_villes":456},"VOSGES":{"score_global":90,"indice_acces_info":81,"indice_acces_interf_num":78,"indice_competences_admin":78,"indice_competences_num":111,"nb_villes":547},"AUBE":{"score_global":92,"indice_acces_info":82,"indice_acces_interf_num":85,"indice_competences_admin":78,"indice_competences_num":113,"nb_villes":480},"HAUT RHIN":{"score_global":91,"indice_acces_info":81,"indice_acces_interf_num":113,"indice_competences_admin":87,"indice_competences_num":92,"nb_villes":495}},"score_global":90,"indice_acces_info":80,"indice_acces_interf_num":86,"indice_competences_admin":84,"indice_competences_num":104,"nb_depts":10},"HAUTS DE FRANCE":{"departements":{"NORD":{"score_global":97,"indice_acces_info":96,"indice_acces_interf_num":101,"indice_competences_admin":102,"indice_competences_num":93,"nb_villes":1346},"OISE":{"score_global":87,"indice_acces_info":73,"indice_acces_interf_num":111,"indice_competences_admin":86,"indice_competences_num":90,"nb_villes":792},"AISNE":{"score_global":88,"indice_acces_info":74,"indice_acces_interf_num":89,"indice_competences_admin":80,"indice_competences_num":105,"nb_villes":874},"SOMME":{"score_global":90,"indice_acces_info":75,"indice_acces_interf_num":94,"indice_competences_admin":85,"indice_competences_num":105,"nb_villes":851},"PAS DE CALAIS":{"score_global":91,"indice_acces_info":81,"indice_acces_interf_num":95,"indice_competences_admin":87,"indice_competences_num":100,"nb_villes":1166}},"score_global":91,"indice_acces_info":80,"indice_acces_interf_num":98,"indice_competences_admin":88,"indice_competences_num":99,"nb_depts":5},"BOURGOGNE FRANCHE COMTE":{"departements":{"DOUBS":{"score_global":87,"indice_acces_info":82,"indice_acces_interf_num":93,"indice_competences_admin":97,"indice_competences_num":86,"nb_villes":677},"HAUTE SAONE":{"score_global":88,"indice_acces_info":81,"indice_acces_interf_num":79,"indice_competences_admin":81,"indice_competences_num":102,"nb_villes":558},"JURA":{"score_global":85,"indice_acces_info":80,"indice_acces_interf_num":83,"indice_competences_admin":81,"indice_competences_num":94,"nb_villes":543},"NIEVRE":{"score_global":97,"indice_acces_info":94,"indice_acces_interf_num":81,"indice_competences_admin":72,"indice_competences_num":122,"nb_villes":341},"COTE D OR":{"score_global":86,"indice_acces_info":80,"indice_acces_interf_num":83,"indice_competences_admin":88,"indice_competences_num":94,"nb_villes":820},"YONNE":{"score_global":94,"indice_acces_info":89,"indice_acces_interf_num":89,"indice_competences_admin":80,"indice_competences_num":107,"nb_villes":471},"SAONE ET LOIRE":{"score_global":89,"indice_acces_info":79,"indice_acces_interf_num":91,"indice_competences_admin":78,"indice_competences_num":103,"nb_villes":666},"TERRITOIRE DE BELFORT":{"score_global":87,"indice_acces_info":80,"indice_acces_interf_num":107,"indice_competences_admin":94,"indice_competences_num":80,"nb_villes":124}},"score_global":89,"indice_acces_info":83,"indice_acces_interf_num":88,"indice_competences_admin":84,"indice_competences_num":99,"nb_depts":8},"PAYS DE LA LOIRE":{"departements":{"LOIRE ATLANTIQUE":{"score_global":98,"indice_acces_info":104,"indice_acces_interf_num":104,"indice_competences_admin":106,"indice_competences_num":86,"nb_villes":503},"MAYENNE":{"score_global":92,"indice_acces_info":79,"indice_acces_interf_num":94,"indice_competences_admin":86,"indice_competences_num":108,"nb_villes":289},"SARTHE":{"score_global":95,"indice_acces_info":90,"indice_acces_interf_num":94,"indice_competences_admin":90,"indice_competences_num":105,"nb_villes":460},"VENDEE":{"score_global":95,"indice_acces_info":84,"indice_acces_interf_num":96,"indice_competences_admin":82,"indice_competences_num":112,"nb_villes":331},"MAINE ET LOIRE":{"score_global":98,"indice_acces_info":94,"indice_acces_interf_num":97,"indice_competences_admin":103,"indice_competences_num":99,"nb_villes":363}},"score_global":96,"indice_acces_info":90,"indice_acces_interf_num":97,"indice_competences_admin":93,"indice_competences_num":102,"nb_depts":5},"ILE DE FRANCE":{"departements":{"ESSONNE":{"score_global":93,"indice_acces_info":81,"indice_acces_interf_num":103,"indice_competences_admin":92,"indice_competences_num":101,"nb_villes":503},"VAL D OISE":{"score_global":94,"indice_acces_info":83,"indice_acces_interf_num":95,"indice_competences_admin":95,"indice_competences_num":103,"nb_villes":562},"YVELINES":{"score_global":92,"indice_acces_info":77,"indice_acces_interf_num":117,"indice_competences_admin":87,"indice_competences_num":98,"nb_villes":684},"VAL DE MARNE":{"score_global":102,"indice_acces_info":102,"indice_acces_interf_num":98,"indice_competences_admin":98,"indice_competences_num":106,"nb_villes":527},"SEINE ET MARNE":{"score_global":89,"indice_acces_info":73,"indice_acces_interf_num":99,"indice_competences_admin":87,"indice_competences_num":102,"nb_villes":759},"HAUTS DE SEINE":{"score_global":101,"indice_acces_info":102,"indice_acces_interf_num":119,"indice_competences_admin":96,"indice_competences_num":93,"nb_villes":616},"SEINE SAINT DENIS":{"score_global":103,"indice_acces_info":104,"indice_acces_interf_num":75,"indice_competences_admin":100,"indice_competences_num":117,"nb_villes":614},"PARIS":{"score_global":106,"indice_acces_info":112,"indice_acces_interf_num":125,"indice_competences_admin":112,"indice_competences_num":87,"nb_villes":992}},"score_global":98,"indice_acces_info":92,"indice_acces_interf_num":104,"indice_competences_admin":96,"indice_competences_num":101,"nb_depts":8},"OCCITANIE":{"departements":{"HERAULT":{"score_global":97,"indice_acces_info":98,"indice_acces_interf_num":93,"indice_competences_admin":96,"indice_competences_num":99,"nb_villes":579},"HAUTES PYRENEES":{"score_global":85,"indice_acces_info":81,"indice_acces_interf_num":66,"indice_competences_admin":68,"indice_competences_num":107,"nb_villes":508},"HAUTE GARONNE":{"score_global":90,"indice_acces_info":87,"indice_acces_interf_num":96,"indice_competences_admin":96,"indice_competences_num":87,"nb_villes":849},"AVEYRON":{"score_global":92,"indice_acces_info":77,"indice_acces_interf_num":92,"indice_competences_admin":68,"indice_competences_num":120,"nb_villes":316},"TARN":{"score_global":90,"indice_acces_info":80,"indice_acces_interf_num":88,"indice_competences_admin":75,"indice_competences_num":109,"nb_villes":389},"GARD":{"score_global":95,"indice_acces_info":92,"indice_acces_interf_num":92,"indice_competences_admin":83,"indice_competences_num":104,"nb_villes":477},"GERS":{"score_global":86,"indice_acces_info":73,"indice_acces_interf_num":80,"indice_competences_admin":65,"indice_competences_num":114,"nb_villes":477},"ARIEGE":{"score_global":90,"indice_acces_info":95,"indice_acces_interf_num":65,"indice_competences_admin":68,"indice_competences_num":108,"nb_villes":345},"AUDE":{"score_global":90,"indice_acces_info":89,"indice_acces_interf_num":68,"indice_competences_admin":70,"indice_competences_num":113,"nb_villes":495},"LOZERE":{"score_global":89,"indice_acces_info":86,"indice_acces_interf_num":73,"indice_competences_admin":71,"indice_competences_num":110,"nb_villes":162},"LOT":{"score_global":90,"indice_acces_info":78,"indice_acces_interf_num":90,"indice_competences_admin":64,"indice_competences_num":116,"nb_villes":330},"TARN ET GARONNE":{"score_global":91,"indice_acces_info":83,"indice_acces_interf_num":90,"indice_competences_admin":77,"indice_competences_num":108,"nb_villes":229},"PYRENEES ORIENTALES":{"score_global":97,"indice_acces_info":104,"indice_acces_interf_num":78,"indice_competences_admin":77,"indice_competences_num":111,"nb_villes":313}},"score_global":91,"indice_acces_info":86,"indice_acces_interf_num":82,"indice_competences_admin":75,"indice_competences_num":108,"nb_depts":13},"CENTRE VAL DE LOIRE":{"departements":{"INDRE ET LOIRE":{"score_global":96,"indice_acces_info":93,"indice_acces_interf_num":99,"indice_competences_admin":98,"indice_competences_num":96,"nb_villes":379},"EURE ET LOIR":{"score_global":86,"indice_acces_info":74,"indice_acces_interf_num":102,"indice_competences_admin":88,"indice_competences_num":90,"nb_villes":426},"CHER":{"score_global":95,"indice_acces_info":92,"indice_acces_interf_num":90,"indice_competences_admin":81,"indice_competences_num":107,"nb_villes":336},"LOIRET":{"score_global":92,"indice_acces_info":86,"indice_acces_interf_num":101,"indice_competences_admin":97,"indice_competences_num":92,"nb_villes":444},"INDRE":{"score_global":96,"indice_acces_info":90,"indice_acces_interf_num":87,"indice_competences_admin":76,"indice_competences_num":118,"nb_villes":273},"LOIR ET CHER":{"score_global":91,"indice_acces_info":81,"indice_acces_interf_num":97,"indice_competences_admin":83,"indice_competences_num":103,"nb_villes":310}},"score_global":93,"indice_acces_info":86,"indice_acces_interf_num":96,"indice_competences_admin":87,"indice_competences_num":101,"nb_depts":6},"NORMANDIE":{"departements":{"CALVADOS":{"score_global":89,"indice_acces_info":79,"indice_acces_interf_num":98,"indice_competences_admin":93,"indice_competences_num":92,"nb_villes":652},"EURE":{"score_global":86,"indice_acces_info":75,"indice_acces_interf_num":102,"indice_competences_admin":86,"indice_competences_num":89,"nb_villes":664},"MANCHE":{"score_global":89,"indice_acces_info":75,"indice_acces_interf_num":92,"indice_competences_admin":81,"indice_competences_num":106,"nb_villes":509},"ORNE":{"score_global":89,"indice_acces_info":78,"indice_acces_interf_num":85,"indice_competences_admin":80,"indice_competences_num":106,"nb_villes":422},"SEINE MARITIME":{"score_global":91,"indice_acces_info":83,"indice_acces_interf_num":100,"indice_competences_admin":96,"indice_competences_num":92,"nb_villes":1038}},"score_global":89,"indice_acces_info":78,"indice_acces_interf_num":95,"indice_competences_admin":87,"indice_competences_num":97,"nb_depts":5},"AUVERGNE RHONE ALPES":{"departements":{"LOIRE":{"score_global":95,"indice_acces_info":87,"indice_acces_interf_num":91,"indice_competences_admin":86,"indice_competences_num":111,"nb_villes":494},"HAUTE SAVOIE":{"score_global":92,"indice_acces_info":89,"indice_acces_interf_num":123,"indice_competences_admin":91,"indice_competences_num":81,"nb_villes":387},"ALLIER":{"score_global":98,"indice_acces_info":91,"indice_acces_interf_num":87,"indice_competences_admin":71,"indice_competences_num":123,"nb_villes":369},"ARDECHE":{"score_global":95,"indice_acces_info":89,"indice_acces_interf_num":81,"indice_competences_admin":68,"indice_competences_num":121,"nb_villes":365},"RHONE":{"score_global":100,"indice_acces_info":101,"indice_acces_interf_num":103,"indice_competences_admin":114,"indice_competences_num":92,"nb_villes":762},"HAUTE LOIRE":{"score_global":94,"indice_acces_info":88,"indice_acces_interf_num":73,"indice_competences_admin":69,"indice_competences_num":124,"nb_villes":268},"ISERE":{"score_global":92,"indice_acces_info":87,"indice_acces_interf_num":99,"indice_competences_admin":91,"indice_competences_num":93,"nb_villes":737},"SAVOIE":{"score_global":91,"indice_acces_info":88,"indice_acces_interf_num":101,"indice_competences_admin":82,"indice_competences_num":94,"nb_villes":333},"PUY DE DOME":{"score_global":95,"indice_acces_info":90,"indice_acces_interf_num":90,"indice_competences_admin":79,"indice_competences_num":112,"nb_villes":574},"CANTAL":{"score_global":97,"indice_acces_info":83,"indice_acces_interf_num":74,"indice_competences_admin":62,"indice_competences_num":139,"nb_villes":261},"DROME":{"score_global":91,"indice_acces_info":91,"indice_acces_interf_num":74,"indice_competences_admin":74,"indice_competences_num":108,"nb_villes":445},"AIN":{"score_global":89,"indice_acces_info":79,"indice_acces_interf_num":102,"indice_competences_admin":84,"indice_competences_num":95,"nb_villes":462}},"score_global":94,"indice_acces_info":89,"indice_acces_interf_num":92,"indice_competences_admin":81,"indice_competences_num":108,"nb_depts":12},"PROVENCE ALPES COTE D AZUR":{"departements":{"HAUTES ALPES":{"score_global":85,"indice_acces_info":83,"indice_acces_interf_num":83,"indice_competences_admin":75,"indice_competences_num":92,"nb_villes":192},"ALPES DE HAUTE PROVENCE":{"score_global":89,"indice_acces_info":90,"indice_acces_interf_num":74,"indice_competences_admin":73,"indice_competences_num":104,"nb_villes":218},"ALPES MARITIMES":{"score_global":100,"indice_acces_info":101,"indice_acces_interf_num":96,"indice_competences_admin":92,"indice_competences_num":106,"nb_villes":500},"VAR":{"score_global":98,"indice_acces_info":92,"indice_acces_interf_num":99,"indice_competences_admin":90,"indice_competences_num":106,"nb_villes":415},"BOUCHES DU RHONE":{"score_global":100,"indice_acces_info":103,"indice_acces_interf_num":99,"indice_competences_admin":108,"indice_competences_num":94,"nb_villes":839},"VAUCLUSE":{"score_global":94,"indice_acces_info":90,"indice_acces_interf_num":90,"indice_competences_admin":92,"indice_competences_num":102,"nb_villes":269}},"score_global":94,"indice_acces_info":93,"indice_acces_interf_num":90,"indice_competences_admin":88,"indice_competences_num":101,"nb_depts":6},"BRETAGNE":{"departements":{"ILLE ET VILAINE":{"score_global":94,"indice_acces_info":89,"indice_acces_interf_num":100,"indice_competences_admin":109,"indice_competences_num":89,"nb_villes":528},"MORBIHAN":{"score_global":99,"indice_acces_info":97,"indice_acces_interf_num":98,"indice_competences_admin":86,"indice_competences_num":109,"nb_villes":366},"COTES D ARMOR":{"score_global":96,"indice_acces_info":90,"indice_acces_interf_num":94,"indice_competences_admin":82,"indice_competences_num":111,"nb_villes":417},"FINISTERE":{"score_global":99,"indice_acces_info":103,"indice_acces_interf_num":98,"indice_competences_admin":96,"indice_competences_num":96,"nb_villes":449}},"score_global":97,"indice_acces_info":95,"indice_acces_interf_num":98,"indice_competences_admin":93,"indice_competences_num":101,"nb_depts":4},"CORSE":{"departements":{"CORSE DU SUD":{"score_global":98,"indice_acces_info":102,"indice_acces_interf_num":71,"indice_competences_admin":78,"indice_competences_num":119,"nb_villes":147},"HAUTE CORSE":{"score_global":101,"indice_acces_info":108,"indice_acces_interf_num":56,"indice_competences_admin":79,"indice_competences_num":127,"nb_villes":254}},"score_global":100,"indice_acces_info":105,"indice_acces_interf_num":64,"indice_competences_admin":79,"indice_competences_num":123,"nb_depts":2},"MARTINIQUE":{"departements":{"MARTINIQUE":{"score_global":101,"indice_acces_info":102,"indice_acces_interf_num":100,"indice_competences_admin":99,"indice_competences_num":104,"nb_villes":141}},"score_global":101,"indice_acces_info":102,"indice_acces_interf_num":100,"indice_competences_admin":99,"indice_competences_num":104,"nb_depts":1},"LA REUNION":{"departements":{"LA REUNION":{"score_global":95,"indice_acces_info":90,"indice_acces_interf_num":101,"indice_competences_admin":94,"indice_competences_num":97,"nb_villes":344}},"score_global":95,"indice_acces_info":90,"indice_acces_interf_num":101,"indice_competences_admin":94,"indice_competences_num":97,"nb_depts":1}}